{
  "_Lua\\Shuttles\\Civilian\\fisherman.yml": {
    "timestamp": 1756312855.8670316,
    "hash": "9192ec9c0b1424deeddb6198ba84d3c3",
    "size": 160169
  },
  "_Lua\\Shuttles\\Civilian\\riman2.yml": {
    "timestamp": 1756922002.6610413,
    "hash": "d43039d74148d19cbcaa905127047999",
    "size": 96768
  },
  "_Lua\\Shuttles\\Civilian\\runo.yml": {
    "timestamp": 1756312855.8670316,
    "hash": "ebe0fc1fd1d6bb6fa32fdd3f05cc27a0",
    "size": 29854
  },
  "_Lua\\Shuttles\\Civilian\\seagull.yml": {
    "timestamp": 1756922002.6610413,
    "hash": "8a53107be8999fa7b1d6c37e330529f1",
    "size": 113532
  },
  "_Lua\\Shuttles\\Civilian\\shuttletinia.yml": {
    "timestamp": 1756312855.8670316,
    "hash": "4e60c1fd06fb5bfe4e5804d53252a332",
    "size": 324041
  },
  "_Lua\\Shuttles\\Expedition\\arkalis.yml": {
    "timestamp": 1756312855.8670316,
    "hash": "692b4c35cc349b06ff7bf03370258b94",
    "size": 600086
  },
  "_Lua\\Shuttles\\Expedition\\gixon.yml": {
    "timestamp": 1756922002.6610413,
    "hash": "01c5b840c806a32e3bbd1f8221d8b606",
    "size": 457143
  },
  "_Lua\\Shuttles\\Expedition\\kairiis.yml": {
    "timestamp": 1756312855.8670316,
    "hash": "ca128cf71393081f6949742e19c7e344",
    "size": 79932
  },
  "_Lua\\Shuttles\\Expedition\\sauron.yml": {
    "timestamp": 1756312855.8670316,
    "hash": "2dbc03c198a38af1f254cfb15d9d9baa",
    "size": 231175
  },
  "_Lua\\Shuttles\\LuaTech\\hayar.yml": {
    "timestamp": 1756312855.8670316,
    "hash": "94d9fc07304644aea341e150f5274093",
    "size": 181830
  },
  "_Lua\\Shuttles\\LuaTech\\hevish.yml": {
    "timestamp": 1756312855.8670316,
    "hash": "00d44a44576aed79cfcdbcfbfabf20cb",
    "size": 637420
  },
  "_Lua\\Shuttles\\Mercenary\\ayhiva.yml": {
    "timestamp": 1756312855.8670316,
    "hash": "60cbcfa101ecd64b1764135b87f95bf2",
    "size": 133988
  },
  "_Lua\\Shuttles\\Mercenary\\Caretaker.yml": {
    "timestamp": 1756312855.8670316,
    "hash": "585ff664a91dfcb19cd5ed5ad20b668c",
    "size": 60067
  },
  "_Lua\\Shuttles\\Mercenary\\eaglemercy.yml": {
    "timestamp": 1756312855.8670316,
    "hash": "e9fd99d02f8f221f78de84613e98dff6",
    "size": 108493
  },
  "_Lua\\Shuttles\\Mercenary\\Hedgehog.yml": {
    "timestamp": 1756312855.8670316,
    "hash": "48bf74f47d712fa4b30a8a0aa16e8bf2",
    "size": 30491
  },
  "_Lua\\Shuttles\\Mercenary\\merc_xeno.yml": {
    "timestamp": 1756312855.8670316,
    "hash": "bd20424fdee0062b73dd12efd8927e1c",
    "size": 171057
  },
  "_Lua\\Shuttles\\Pirates\\Baron.yml": {
    "timestamp": 1756312855.8670316,
    "hash": "42b225a16857f766c64acbf504a8128f",
    "size": 249282
  },
  "_Lua\\Shuttles\\Pirates\\Kettlebell.yml": {
    "timestamp": 1756312855.8670316,
    "hash": "b77692e0a20e18f3733228bb7378938d",
    "size": 100889
  },
  "_Lua\\Shuttles\\Pirates\\Mjolnir.yml": {
    "timestamp": 1756312855.8670316,
    "hash": "8b069e1d050f8081b34e744e3d8938b3",
    "size": 79233
  },
  "_Lua\\Shuttles\\Pirates\\Pearl.yml": {
    "timestamp": 1756312855.8670316,
    "hash": "e7ee23a4864488030e4183b5dbdc9ffd",
    "size": 85436
  },
  "_Lua\\Shuttles\\SD\\Draupnir.yml": {
    "timestamp": 1756312855.8670316,
    "hash": "c1cbc7c5ac7adf51eb8ccdaee36495ca",
    "size": 92230
  },
  "_Lua\\Shuttles\\SD\\Grabber.yml": {
    "timestamp": 1756312855.8670316,
    "hash": "8f2a11c431b9334488dfe4b2cd677243",
    "size": 94731
  },
  "_Lua\\Shuttles\\SD\\hayar.yml": {
    "timestamp": 1756312855.8670316,
    "hash": "403fc8420881722b62c433cf675d9e81",
    "size": 177560
  },
  "_Lua\\Shuttles\\SD\\hevish.yml": {
    "timestamp": 1756312855.8670316,
    "hash": "8a0e990ba4f471638ed8796022b9ab12",
    "size": 618622
  },
  "_Lua\\Shuttles\\SD\\Mole.yml": {
    "timestamp": 1756312855.8670316,
    "hash": "e19b42ae8980291e2bdd040d912e80a5",
    "size": 134927
  },
  "_Lua\\Shuttles\\SD\\purga.yml": {
    "timestamp": 1756922002.6610413,
    "hash": "7a06a9d905219c016fceb6e9793bc941",
    "size": 112546
  },
  "_Lua\\Shuttles\\SD\\rising.yml": {
    "timestamp": 1756922002.6610413,
    "hash": "17904b41397f9ccf50e56245f1c1ace0",
    "size": 175477
  },
  "_Lua\\Shuttles\\SD\\tuman.yml": {
    "timestamp": 1756922002.6610413,
    "hash": "c7f8838592067aa71e7c576cccc5886d",
    "size": 215402
  },
  "_Lua\\Shuttles\\SD\\wasp.yml": {
    "timestamp": 1756312855.8670316,
    "hash": "a3ffcfb6f1c008977af1840d165bbf67",
    "size": 223639
  },
  "_Lua\\Shuttles\\Typan\\dagger.yml": {
    "timestamp": 1756312855.8670316,
    "hash": "bb7a91aec33911713e8a4460fa847b90",
    "size": 144550
  },
  "_Lua\\Shuttles\\Typan\\expedition.yml": {
    "timestamp": 1756312855.8670316,
    "hash": "e909eb8555ec5f0d8ca84edf643f71f7",
    "size": 52466
  },
  "_Lua\\Shuttles\\Typan\\explorer.yml": {
    "timestamp": 1756312855.8670316,
    "hash": "1aa689974e6529795c9a64500e70b041",
    "size": 28295
  },
  "_Lua\\Shuttles\\Typan\\fish.yml": {
    "timestamp": 1756312855.8670316,
    "hash": "84d47488d59ddfc84f319feba98db59b",
    "size": 86026
  },
  "_Lua\\Shuttles\\Typan\\ganger.yml": {
    "timestamp": 1756312855.8670316,
    "hash": "16b19f6de116925517a82dc1ac183314",
    "size": 27684
  },
  "_Lua\\Shuttles\\Typan\\hunter.yml": {
    "timestamp": 1756312855.8670316,
    "hash": "9909d6c169f9ab329bf8064c82657424",
    "size": 60602
  },
  "_Lua\\Shuttles\\Typan\\infiltrator.yml": {
    "timestamp": 1756312855.8670316,
    "hash": "718c286815ce5edd5524f9fda2b5d711",
    "size": 125370
  },
  "_Lua\\Shuttles\\Typan\\Lamaniel.yml": {
    "timestamp": 1756922002.6610413,
    "hash": "7af1a9e4b3d6a58cb2b31d9c81072173",
    "size": 72905
  },
  "_Lua\\Shuttles\\Typan\\Laqeramaline.yml": {
    "timestamp": 1756922002.6610413,
    "hash": "8179c86627f5ceeef89b1ded178ac12a",
    "size": 320486
  },
  "_Lua\\Shuttles\\Typan\\LaserBeam.yml": {
    "timestamp": 1756922002.6610413,
    "hash": "e39b481cd1cb13dcf52a979c4fd8d4d5",
    "size": 176453
  },
  "_Lua\\Shuttles\\Typan\\pioneer.yml": {
    "timestamp": 1756312855.8670316,
    "hash": "dcf0f80c8d6d358d4c07c30a78624909",
    "size": 33759
  },
  "_Lua\\Shuttles\\Typan\\shukra-2.yml": {
    "timestamp": 1756922002.6610413,
    "hash": "ef11a6786c1186a7b322802b61d3b5dd",
    "size": 124024
  },
  "_Lua\\Shuttles\\Typan\\shukra-f.yml": {
    "timestamp": 1756922002.6610413,
    "hash": "cb40cbe25fa1e212412a711a5ad00c5a",
    "size": 125659
  },
  "_Lua\\Shuttles\\Typan\\skif-2.yml": {
    "timestamp": 1756922002.6610413,
    "hash": "2f97e39e4e9f311355e46233ebaa2f05",
    "size": 93738
  },
  "_Lua\\Shuttles\\Typan\\strizh.yml": {
    "timestamp": 1756922002.6610413,
    "hash": "a359bbd8d49d0f0b1272e37d1fd2b515",
    "size": 95766
  },
  "_Mono\\Shuttles\\aclass.yml": {
    "timestamp": 1756312855.8670316,
    "hash": "75380cd1cc169dc042748afb78fd7a93",
    "size": 173346
  },
  "_Mono\\Shuttles\\akasono.yml": {
    "timestamp": 1756312855.8670316,
    "hash": "cb84769464c5ce6074576bf440599de8",
    "size": 73254
  },
  "_Mono\\Shuttles\\arachnid.yml": {
    "timestamp": 1756312855.8670316,
    "hash": "9fbc58fd7f0ed5de77b36181c736023c",
    "size": 60271
  },
  "_Mono\\Shuttles\\archer.yml": {
    "timestamp": 1756312855.8670316,
    "hash": "1513ef964df1fa128b0d9ede0cf8866d",
    "size": 105458
  },
  "_Mono\\Shuttles\\argent.yml": {
    "timestamp": 1756312855.8670316,
    "hash": "cdeaccc93f61a2d66bfc479a3ab2552e",
    "size": 129442
  },
  "_Mono\\Shuttles\\Baeg.yml": {
    "timestamp": 1756312855.8670316,
    "hash": "1c2ccb5c9af99378f15f4677f8d90844",
    "size": 17634
  },
  "_Mono\\Shuttles\\bucket.yml": {
    "timestamp": 1756312855.8670316,
    "hash": "54e879caff5a5068abbef4eff79c532d",
    "size": 36675
  },
  "_Mono\\Shuttles\\dram.yml": {
    "timestamp": 1756312855.8670316,
    "hash": "59991576296a9fdfcb86e9c16caaac34",
    "size": 66459
  },
  "_Mono\\Shuttles\\eden.yml": {
    "timestamp": 1756312855.8670316,
    "hash": "3c846499a352eab875dc4b37d173ca08",
    "size": 104854
  },