{
  "_Lua\\Shuttles\\Civilian\\fisherman.yml": {
    "timestamp": 1758644545.6991112,
    "hash": "49a6b8d40b32e4d47b11a8ee4b233685",
    "size": 162558
  },
  "_Lua\\Shuttles\\Civilian\\riman2.yml": {
    "timestamp": 1758644545.6991112,
    "hash": "c0796d22dc33c770d2601f3d966626b9",
    "size": 98126
  },
  "_Lua\\Shuttles\\Civilian\\runo.yml": {
    "timestamp": 1756312855.8670316,
    "hash": "ebe0fc1fd1d6bb6fa32fdd3f05cc27a0",
    "size": 29854
  },
  "_Lua\\Shuttles\\Civilian\\seagull.yml": {
    "timestamp": 1758644545.6991112,
    "hash": "dcbbfee9655bf91a7896109f2be8a2da",
    "size": 112229
  },
  "_Lua\\Shuttles\\Civilian\\shuttletinia.yml": {
    "timestamp": 1758644545.6991112,
    "hash": "c44bedf09dcc33d7b15f57bff8452d2e",
    "size": 327736
  },
  "_Lua\\Shuttles\\Expedition\\arkalis.yml": {
    "timestamp": 1756312855.8670316,
    "hash": "692b4c35cc349b06ff7bf03370258b94",
    "size": 600086
  },
  "_Lua\\Shuttles\\Expedition\\gixon.yml": {
    "timestamp": 1756922002.6610413,
    "hash": "01c5b840c806a32e3bbd1f8221d8b606",
    "size": 457143
  },
  "_Lua\\Shuttles\\Expedition\\kairiis.yml": {
    "timestamp": 1758644545.6991112,
    "hash": "7e4fd103eae844649ab175abb94bfbec",
    "size": 79697
  },
  "_Lua\\Shuttles\\Expedition\\sauron.yml": {
    "timestamp": 1758644545.6991112,
    "hash": "e677eb3366df2d6ac532b5b536b89562",
    "size": 233101
  },
  "_Lua\\Shuttles\\LuaTech\\hayar.yml": {
    "timestamp": 1756312855.8670316,
    "hash": "94d9fc07304644aea341e150f5274093",
    "size": 181830
  },
  "_Lua\\Shuttles\\LuaTech\\hevish.yml": {
    "timestamp": 1756312855.8670316,
    "hash": "00d44a44576aed79cfcdbcfbfabf20cb",
    "size": 637420
  },
  "_Lua\\Shuttles\\Mercenary\\ayhiva.yml": {
    "timestamp": 1758644545.6991112,
    "hash": "3ce104c76b5e23ed8e1767402b599b93",
    "size": 131334
  },
  "_Lua\\Shuttles\\Mercenary\\Caretaker.yml": {
    "timestamp": 1758644545.6991112,
    "hash": "86e260531b02b515b5cbaf30fa43ff72",
    "size": 61180
  },
  "_Lua\\Shuttles\\Mercenary\\eaglemercy.yml": {
    "timestamp": 1758644545.6991112,
    "hash": "322a60319c926a79b15e6500a3408bf3",
    "size": 107170
  },
  "_Lua\\Shuttles\\Mercenary\\Hedgehog.yml": {
    "timestamp": 1758644545.6991112,
    "hash": "911eb4ebb32212dd8b9943e95a324db7",
    "size": 31352
  },
  "_Lua\\Shuttles\\Mercenary\\merc_xeno.yml": {
    "timestamp": 1758644545.6991112,
    "hash": "764e1f02fca55e4b655bf9462ef11da6",
    "size": 172227
  },
  "_Lua\\Shuttles\\Pirates\\Baron.yml": {
    "timestamp": 1758644545.6991112,
    "hash": "a820a921fe4d52725b42e680861410c3",
    "size": 262412
  },
  "_Lua\\Shuttles\\Pirates\\Kettlebell.yml": {
    "timestamp": 1758644545.6991112,
    "hash": "b4cc9899c331fed53eb6f1304fd14b80",
    "size": 103078
  },
  "_Lua\\Shuttles\\Pirates\\Mjolnir.yml": {
    "timestamp": 1758644545.6991112,
    "hash": "8b5654eea723aee658ca8f7fcf017ede",
    "size": 86633
  },
  "_Lua\\Shuttles\\Pirates\\Pearl.yml": {
    "timestamp": 1758644545.6991112,
    "hash": "9e9047ad288d70bb1c3f8d67fe3a8a1f",
    "size": 86773
  },
  "_Lua\\Shuttles\\SD\\Draupnir.yml": {
    "timestamp": 1756312855.8670316,
    "hash": "c1cbc7c5ac7adf51eb8ccdaee36495ca",
    "size": 92230
  },
  "_Lua\\Shuttles\\SD\\Grabber.yml": {
    "timestamp": 1756312855.8670316,
    "hash": "8f2a11c431b9334488dfe4b2cd677243",
    "size": 94731
  },
  "_Lua\\Shuttles\\SD\\hayar.yml": {
    "timestamp": 1756312855.8670316,
    "hash": "403fc8420881722b62c433cf675d9e81",
    "size": 177560
  },
  "_Lua\\Shuttles\\SD\\hevish.yml": {
    "timestamp": 1756312855.8670316,
    "hash": "8a0e990ba4f471638ed8796022b9ab12",
    "size": 618622
  },
  "_Lua\\Shuttles\\SD\\Mole.yml": {
    "timestamp": 1758644545.6991112,
    "hash": "ab9624858eba595045cdb2f832be4c96",
    "size": 137604
  },
  "_Lua\\Shuttles\\SD\\purga.yml": {
    "timestamp": 1758644545.6991112,
    "hash": "6c2f631ae599c3e39c6db4d581df9bdc",
    "size": 118301
  },
  "_Lua\\Shuttles\\SD\\rising.yml": {
    "timestamp": 1758644545.6991112,
    "hash": "8ff76922552d4a12e0b73b9ae19dabe7",
    "size": 193420
  },
  "_Lua\\Shuttles\\SD\\tuman.yml": {
    "timestamp": 1756922002.6610413,
    "hash": "c7f8838592067aa71e7c576cccc5886d",
    "size": 215402
  },
  "_Lua\\Shuttles\\SD\\wasp.yml": {
    "timestamp": 1758644545.6991112,
    "hash": "97b53b408dbbb9033f6173d0e9818da2",
    "size": 225135
  },
  "_Lua\\Shuttles\\Typan\\dagger.yml": {
    "timestamp": 1756312855.8670316,
    "hash": "bb7a91aec33911713e8a4460fa847b90",
    "size": 144550
  },
  "_Lua\\Shuttles\\Typan\\expedition.yml": {
    "timestamp": 1756312855.8670316,
    "hash": "e909eb8555ec5f0d8ca84edf643f71f7",
    "size": 52466
  },
  "_Lua\\Shuttles\\Typan\\explorer.yml": {
    "timestamp": 1756312855.8670316,
    "hash": "1aa689974e6529795c9a64500e70b041",
    "size": 28295
  },
  "_Lua\\Shuttles\\Typan\\fish.yml": {
    "timestamp": 1756312855.8670316,
    "hash": "84d47488d59ddfc84f319feba98db59b",
    "size": 86026
  },
  "_Lua\\Shuttles\\Typan\\ganger.yml": {
    "timestamp": 1756312855.8670316,
    "hash": "16b19f6de116925517a82dc1ac183314",
    "size": 27684
  },
  "_Lua\\Shuttles\\Typan\\hunter.yml": {
    "timestamp": 1756312855.8670316,
    "hash": "9909d6c169f9ab329bf8064c82657424",
    "size": 60602
  },
  "_Lua\\Shuttles\\Typan\\infiltrator.yml": {
    "timestamp": 1758644545.6991112,
    "hash": "52630581dd9851f006f11a85f69e879f",
    "size": 125415
  },
  "_Lua\\Shuttles\\Typan\\Lamaniel.yml": {
    "timestamp": 1758644545.6991112,
    "hash": "d2156d43acc5107132b030d9fda59dd7",
    "size": 72594
  },
  "_Lua\\Shuttles\\Typan\\Laqeramaline.yml": {
    "timestamp": 1758644545.6991112,
    "hash": "7204c0f9d3ae80ccb7ef4b3c88944049",
    "size": 304642
  },
  "_Lua\\Shuttles\\Typan\\LaserBeam.yml": {
    "timestamp": 1758644545.6991112,
    "hash": "cb114716427f8a34aba9fbb0113522c9",
    "size": 182443
  },
  "_Lua\\Shuttles\\Typan\\pioneer.yml": {
    "timestamp": 1758644545.6991112,
    "hash": "e947566c6f61606b32ddab4bfbc4242f",
    "size": 34480
  },
  "_Lua\\Shuttles\\Typan\\shukra-2.yml": {
    "timestamp": 1758644545.6991112,
    "hash": "7f822f4c7696bf2d61c1eef1f3f1ec95",
    "size": 125845
  },
  "_Lua\\Shuttles\\Typan\\shukra-f.yml": {
    "timestamp": 1758644545.6991112,
    "hash": "aa51339c7e1c8bb4676d86825d0fa020",
    "size": 125740
  },
  "_Lua\\Shuttles\\Typan\\skif-2.yml": {
    "timestamp": 1758644545.6991112,
    "hash": "f60ebe25315340ed598a7b6cf3dd4b67",
    "size": 94014
  },
  "_Lua\\Shuttles\\Typan\\strizh.yml": {
    "timestamp": 1758644545.6991112,
    "hash": "25fd8aad100e6add2e5a7db124958ec9",
    "size": 95373
  },
  "_Mono\\Shuttles\\aclass.yml": {
    "timestamp": 1758644545.6991112,
    "hash": "c8955349637120b0047a09ea8bd53a3c",
    "size": 172667
  },
  "_Mono\\Shuttles\\akasono.yml": {
    "timestamp": 1758644545.6991112,
    "hash": "54112c1857f6af002098e8558673b806",
    "size": 74196
  },
  "_Mono\\Shuttles\\arachnid.yml": {
    "timestamp": 1756312855.8670316,
    "hash": "9fbc58fd7f0ed5de77b36181c736023c",
    "size": 60271
  },
  "_Mono\\Shuttles\\archer.yml": {
    "timestamp": 1758644545.6991112,
    "hash": "5af96d41b66735c9faaef1e5dc36de16",
    "size": 106179
  },
  "_Mono\\Shuttles\\argent.yml": {
    "timestamp": 1758644545.6991112,
    "hash": "44f711c0a61d23354a4c63eb4463c0e1",
    "size": 130835
  },
  "_Mono\\Shuttles\\Baeg.yml": {
    "timestamp": 1756312855.8670316,
    "hash": "1c2ccb5c9af99378f15f4677f8d90844",
    "size": 17634
  },
  "_Mono\\Shuttles\\bucket.yml": {
    "timestamp": 1758644545.6991112,
    "hash": "074d201a84ff009e0b9da44e3724cdc8",
    "size": 36997
  },
  "_Mono\\Shuttles\\dram.yml": {
    "timestamp": 1758644545.6991112,
    "hash": "3eb711ddd03ede549129213dfe020b08",
    "size": 67422
  },
  "_Mono\\Shuttles\\eden.yml": {
    "timestamp": 1758644545.6991112,
    "hash": "1bb61cdca747e30e03f7e5cb2472e8ec",
    "size": 103997
  },